{
    "metrics": {
        "http_req_failed": {
            "passes": 0,
            "fails": 9001,
            "value": 0
        },
        "data_sent": {
            "count": 675075,
            "rate": 10281.81366265354
        },
        "data_received": {
            "count": 4302478,
            "rate": 65529.42574331189
        },
        "http_reqs": {
            "count": 9001,
            "rate": 137.0908488353805
        },
        "http_req_duration{expected_response:true}": {
            "min": 1.267118,
            "med": 2.061272,
            "max": 2711.999844,
            "p(90)": 2.654427,
            "p(95)": 2.907092,
            "avg": 2.502137645150542
        },
        "http_req_connecting": {
            "min": 0,
            "med": 0,
            "max": 4.608852,
            "p(90)": 0,
            "p(95)": 0,
            "avg": 0.0036588961226530375
        },
        "http_req_sending": {
            "avg": 0.04643185068325762,
            "min": 0.005487,
            "med": 0.037767,
            "max": 12.544269,
            "p(90)": 0.060672,
            "p(95)": 0.075945
        },
        "latency_ms": {
            "avg": 2.502137645150542,
            "min": 1.267118,
            "med": 2.061272,
            "max": 2711.999844,
            "p(90)": 2.654427,
            "p(95)": 2.907092
        },
        "http_req_duration": {
            "p(90)": 2.654427,
            "p(95)": 2.907092,
            "avg": 2.502137645150542,
            "min": 1.267118,
            "med": 2.061272,
            "max": 2711.999844
        },
        "http_req_waiting": {
            "avg": 2.3378337131429907,
            "min": 1.184724,
            "med": 1.91433,
            "max": 2711.780722,
            "p(90)": 2.467806,
            "p(95)": 2.698147
        },
        "checks": {
            "passes": 9001,
            "fails": 0,
            "value": 1
        },
        "iteration_duration": {
            "max": 66.992661,
            "p(90)": 2.94483,
            "p(95)": 3.223509,
            "avg": 2.4759803992889644,
            "min": 1.391284,
            "med": 2.285636
        },
        "http_req_tls_handshaking": {
            "avg": 0,
            "min": 0,
            "med": 0,
            "max": 0,
            "p(90)": 0,
            "p(95)": 0
        },
        "http_req_receiving": {
            "med": 0.099322,
            "max": 18.845036,
            "p(90)": 0.149899,
            "p(95)": 0.173517,
            "avg": 0.11787208132429718,
            "min": 0.016504
        },
        "vus_max": {
            "value": 150,
            "min": 150,
            "max": 150
        },
        "vus": {
            "value": 0,
            "min": 0,
            "max": 1
        },
        "http_req_blocked": {
            "avg": 0.013942092545272703,
            "min": 0.002927,
            "med": 0.007324,
            "max": 4.794598,
            "p(90)": 0.011081,
            "p(95)": 0.014578
        },
        "iterations": {
            "count": 9001,
            "rate": 137.0908488353805
        }
    },
    "root_group": {
        "groups": {},
        "checks": {
                "status is 200": {
                    "name": "status is 200",
                    "path": "::status is 200",
                    "id": "6210a8cd14cd70477eba5c5e4cb3fb5f",
                    "passes": 9001,
                    "fails": 0
                }
            },
        "name": "",
        "path": "",
        "id": "d41d8cd98f00b204e9800998ecf8427e"
    }
}