{
    "root_group": {
        "name": "",
        "path": "",
        "id": "d41d8cd98f00b204e9800998ecf8427e",
        "groups": {},
        "checks": {
                "status is 200": {
                    "fails": 0,
                    "name": "status is 200",
                    "path": "::status is 200",
                    "id": "6210a8cd14cd70477eba5c5e4cb3fb5f",
                    "passes": 123065
                }
            }
    },
    "metrics": {
        "data_received": {
            "count": 58332810,
            "rate": 485594.4428611587
        },
        "data_sent": {
            "rate": 81956.86799344451,
            "count": 9845200
        },
        "iterations": {
            "count": 123065,
            "rate": 1024.4608499180563
        },
        "vus_max": {
            "value": 100,
            "min": 100,
            "max": 100
        },
        "http_req_duration": {
            "p(95)": 155.99337559999987,
            "avg": 97.32861880866155,
            "min": 8.913849,
            "med": 92.624537,
            "max": 263.573311,
            "p(90)": 132.64782300000002
        },
        "checks": {
            "fails": 0,
            "passes": 123065,
            "value": 1
        },
        "iteration_duration": {
            "avg": 97.53173597493925,
            "min": 9.914448,
            "med": 92.825458,
            "max": 263.809717,
            "p(90)": 132.89954320000004,
            "p(95)": 156.26584199999994
        },
        "http_req_duration{expected_response:true}": {
            "avg": 97.32861880866155,
            "min": 8.913849,
            "med": 92.624537,
            "max": 263.573311,
            "p(90)": 132.64782300000002,
            "p(95)": 155.99337559999987
        },
        "latency_ms": {
            "p(95)": 155.99337559999987,
            "avg": 97.32861880866155,
            "min": 8.913849,
            "med": 92.624537,
            "max": 263.573311,
            "p(90)": 132.64782300000002
        },
        "http_req_connecting": {
            "min": 0,
            "med": 0,
            "max": 15.231526,
            "p(90)": 0,
            "p(95)": 0,
            "avg": 0.0010542961524397675
        },
        "http_req_sending": {
            "med": 0.01622,
            "max": 22.512777,
            "p(90)": 0.05212660000000004,
            "p(95)": 0.07288699999999994,
            "avg": 0.0249622141876244,
            "min": 0.002519
        },
        "http_req_receiving": {
            "med": 0.110593,
            "max": 7.267649,
            "p(90)": 0.193058,
            "p(95)": 0.22753079999999976,
            "avg": 0.123719883971885,
            "min": 0.011238
        },
        "http_reqs": {
            "count": 123065,
            "rate": 1024.4608499180563
        },
        "http_req_failed": {
            "passes": 0,
            "fails": 123065,
            "value": 0
        },
        "http_req_blocked": {
            "p(90)": 0.007661,
            "p(95)": 0.008815,
            "avg": 0.00795825228944066,
            "min": 0.000974,
            "med": 0.005451,
            "max": 21.724872
        },
        "http_req_waiting": {
            "max": 263.401415,
            "p(90)": 132.45653320000014,
            "p(95)": 155.80873739999987,
            "avg": 97.17993671050151,
            "min": 8.727196,
            "med": 92.475613
        },
        "vus": {
            "value": 100,
            "min": 100,
            "max": 100
        },
        "http_req_tls_handshaking": {
            "max": 0,
            "p(90)": 0,
            "p(95)": 0,
            "avg": 0,
            "min": 0,
            "med": 0
        }
    }
}