{
    "root_group": {
        "path": "",
        "id": "d41d8cd98f00b204e9800998ecf8427e",
        "groups": {},
        "checks": {
                "status is 200": {
                    "path": "::status is 200",
                    "id": "6210a8cd14cd70477eba5c5e4cb3fb5f",
                    "passes": 112874,
                    "fails": 0,
                    "name": "status is 200"
                }
            },
        "name": ""
    },
    "metrics": {
        "http_req_failed": {
            "passes": 0,
            "fails": 112874,
            "value": 0
        },
        "checks": {
            "passes": 112874,
            "fails": 0,
            "value": 1
        },
        "http_req_duration": {
            "med": 100.80561800000001,
            "max": 221.648641,
            "p(90)": 132.8857539,
            "p(95)": 142.37521189999995,
            "avg": 106.09637330054902,
            "min": 9.498804
        },
        "http_req_duration{expected_response:true}": {
            "med": 100.80561800000001,
            "max": 221.648641,
            "p(90)": 132.8857539,
            "p(95)": 142.37521189999995,
            "avg": 106.09637330054902,
            "min": 9.498804
        },
        "iterations": {
            "count": 112874,
            "rate": 939.9730951387888
        },
        "iteration_duration": {
            "min": 13.706591,
            "med": 101.0308185,
            "max": 221.884371,
            "p(90)": 133.1388524,
            "p(95)": 142.62338499999998,
            "avg": 106.32690644354928
        },
        "data_received": {
            "count": 53502276,
            "rate": 445547.2470957859
        },
        "vus": {
            "value": 100,
            "min": 100,
            "max": 100
        },
        "data_sent": {
            "count": 9029920,
            "rate": 75197.8476111031
        },
        "http_reqs": {
            "rate": 939.9730951387888,
            "count": 112874
        },
        "http_req_connecting": {
            "p(90)": 0,
            "p(95)": 0,
            "avg": 0.0059981436911954915,
            "min": 0,
            "med": 0,
            "max": 10.146455
        },
        "latency_ms": {
            "p(90)": 132.8857539,
            "p(95)": 142.37521189999995,
            "avg": 106.09637330054902,
            "min": 9.498804,
            "med": 100.80561800000001,
            "max": 221.648641
        },
        "http_req_blocked": {
            "max": 10.243763,
            "p(90)": 0.008597,
            "p(95)": 0.010202,
            "avg": 0.013281267758739756,
            "min": 0.001447,
            "med": 0.006111
        },
        "http_req_sending": {
            "p(90)": 0.060832099999999965,
            "p(95)": 0.081694,
            "avg": 0.02790977958608682,
            "min": 0.00429,
            "med": 0.0182085,
            "max": 5.95513
        },
        "vus_max": {
            "value": 100,
            "min": 100,
            "max": 100
        },
        "http_req_tls_handshaking": {
            "avg": 0,
            "min": 0,
            "med": 0,
            "max": 0,
            "p(90)": 0,
            "p(95)": 0
        },
        "http_req_receiving": {
            "max": 5.292945,
            "p(90)": 0.2199948,
            "p(95)": 0.25948149999999975,
            "avg": 0.1409798623243608,
            "min": 0.018434,
            "med": 0.12563049999999998
        },
        "http_req_waiting": {
            "min": 8.824073,
            "med": 100.6404625,
            "max": 221.491649,
            "p(90)": 132.7089379,
            "p(95)": 142.1924651,
            "avg": 105.92748365863821
        }
    }
}