Metric,Direct Backend,OAuth2 Proxy,Difference,% Overhead
Avg Latency,2.502137645150542,3.472702324555554,0.9705646794050118,38.78941997000398
P90 Latency,2.654427,3.8662427999999998,1.2118157999999997,45.6526323760269
P95 Latency,2.907092,4.5364447,1.6293526999999997,56.04751070829542
Max Latency,2711.999844,2938.291497,226.29165300000022,8.34408797996967
Rps,137.0908488353805,136.56242882219217,-0.5284200131883381,-0.3854524336798497
Success Rate,100.0,100.0,0.0,0.0
