{
    "root_group": {
        "name": "",
        "path": "",
        "id": "d41d8cd98f00b204e9800998ecf8427e",
        "groups": {},
        "checks": {
                "status is 200": {
                    "path": "::status is 200",
                    "id": "6210a8cd14cd70477eba5c5e4cb3fb5f",
                    "passes": 9000,
                    "fails": 0,
                    "name": "status is 200"
                }
            }
    },
    "metrics": {
        "http_req_waiting": {
            "avg": 3.176493918888887,
            "min": 1.309738,
            "med": 2.5152825,
            "max": 2938.177917,
            "p(90)": 3.6198316000000004,
            "p(95)": 4.240827399999999
        },
        "iterations": {
            "count": 9000,
            "rate": 136.56242882219217
        },
        "http_req_sending": {
            "min": 0.006207,
            "med": 0.0418075,
            "max": 44.355607,
            "p(90)": 0.0750834,
            "p(95)": 0.09278515,
            "avg": 0.08670174744444452
        },
        "checks": {
            "passes": 9000,
            "fails": 0,
            "value": 1
        },
        "http_req_blocked": {
            "med": 0.0084805,
            "max": 8.715853,
            "p(90)": 0.0130451,
            "p(95)": 0.019395599999999992,
            "avg": 0.019946848666666624,
            "min": 0.00228
        },
        "data_received": {
            "count": 4347000,
            "rate": 65959.65312111881
        },
        "iteration_duration": {
            "avg": 3.5911943822222145,
            "min": 1.485496,
            "med": 2.939972,
            "max": 122.974295,
            "p(90)": 4.2745968,
            "p(95)": 5.13575245
        },
        "vus": {
            "value": 0,
            "min": 0,
            "max": 3
        },
        "vus_max": {
            "min": 150,
            "max": 150,
            "value": 150
        },
        "http_req_failed": {
            "fails": 9000,
            "passes": 0,
            "value": 0
        },
        "latency_ms": {
            "med": 2.6818335,
            "max": 2938.291497,
            "p(90)": 3.8662427999999998,
            "p(95)": 4.5364447,
            "avg": 3.472702324555554,
            "min": 1.374274
        },
        "http_req_connecting": {
            "avg": 0.004740527222222218,
            "min": 0,
            "med": 0,
            "max": 4.093235,
            "p(90)": 0,
            "p(95)": 0
        },
        "http_req_receiving": {
            "p(95)": 0.20679535,
            "avg": 0.20950665822222167,
            "min": 0.024751,
            "med": 0.113373,
            "max": 72.24731,
            "p(90)": 0.17777010000000001
        },
        "http_req_duration{expected_response:true}": {
            "avg": 3.472702324555554,
            "min": 1.374274,
            "med": 2.6818335,
            "max": 2938.291497,
            "p(90)": 3.8662427999999998,
            "p(95)": 4.5364447
        },
        "data_sent": {
            "rate": 11061.556734597565,
            "count": 729000
        },
        "http_req_duration": {
            "p(90)": 3.8662427999999998,
            "p(95)": 4.5364447,
            "avg": 3.472702324555554,
            "min": 1.374274,
            "med": 2.6818335,
            "max": 2938.291497
        },
        "http_reqs": {
            "count": 9000,
            "rate": 136.56242882219217
        },
        "http_req_tls_handshaking": {
            "avg": 0,
            "min": 0,
            "med": 0,
            "max": 0,
            "p(90)": 0,
            "p(95)": 0
        }
    }
}